{
"status":{"code":200,"message":"操作成功"},
"data": [
  {"id":"001","title": "湖南省", "last": false, "parentId": "0","checkArr": [{"type": "0","checked": "0"}]},
  {"id":"002","title": "湖北省", "last": false, "parentId": "0","checkArr": [{"type": "0","checked": "0"}]},
  {"id":"003","title": "广东省", "last": false, "parentId": "0","checkArr": [{"type": "0","checked": "0"}]},
  {"id":"004","title": "浙江省", "last": false, "parentId": "0","checkArr": [{"type": "0","checked": "0"}]},
  {"id":"005","title": "福建省", "last": false, "parentId": "0","checkArr": [{"type": "0","checked": "0"}]},
  {"id":"001001","title": "长沙市", "last":true, "parentId": "001","checkArr": [{"type": "0","checked": "0"}]},
  {"id":"001002","title": "株洲市", "last":true, "parentId": "001","checkArr": [{"type": "0","checked": "0"}]},
  {"id":"001003","title": "湘潭市", "last":true, "parentId": "001","checkArr": [{"type": "0","checked": "0"}]},
  {"id":"001004","title": "衡阳市", "last":true, "parentId": "001","checkArr": [{"type": "0","checked": "0"}]},
  {"id":"001005","title": "郴州市", "last":true, "parentId": "001","checkArr": [{"type": "0","checked": "0"}]},
  {"id":"002001","title": "a市", "last":true, "parentId": "002","checkArr": [{"type": "0","checked": "0"}]},
  {"id":"002002","title": "b市", "last":true, "parentId": "002","checkArr": [{"type": "0","checked": "0"}]},
  {"id":"002003","title": "c市", "last":true, "parentId": "002","checkArr": [{"type": "0","checked": "0"}]},
  {"id":"002004","title": "d市", "last":true, "parentId": "002","checkArr": [{"type": "0","checked": "0"}]},
  {"id":"002005","title": "e市", "last":true, "parentId": "002","checkArr": [{"type": "0","checked": "0"}]}
]
}
